date,state,city,totalCases
17/03/2020,AC,TOTAL,3
25/02/2020,TOTAL,TOTAL,1
18/03/2020,AC,TOTAL,3
26/02/2020,TOTAL,TOTAL,1
19/03/2020,AC,TOTAL,4
27/02/2020,TOTAL,TOTAL,1
20/03/2020,AC,TOTAL,7
28/02/2020,TOTAL,TOTAL,2
21/03/2020,AC,TOTAL,11
29/02/2020,TOTAL,TOTAL,2
22/03/2020,AC,TOTAL,11
01/03/2020,TOTAL,TOTAL,2
23/03/2020,AC,TOTAL,17
02/03/2020,TOTAL,TOTAL,2
24/03/2020,AC,TOTAL,21
03/03/2020,TOTAL,TOTAL,2
25/03/2020,AC,TOTAL,23
04/03/2020,TOTAL,TOTAL,3
26/03/2020,AC,TOTAL,24
27/03/2020,AC,TOTAL,25
05/03/2020,TOTAL,TOTAL,7
28/03/2020,AC,TOTAL,25
29/03/2020,AC,TOTAL,34
30/03/2020,AC,TOTAL,42
31/03/2020,AC,TOTAL,42
06/03/2020,TOTAL,TOTAL,14
01/04/2020,AC,TOTAL,43
02/04/2020,AC,TOTAL,45
03/04/2020,AC,TOTAL,46
04/04/2020,AC,TOTAL,46
05/04/2020,AC,TOTAL,48
07/03/2020,TOTAL,TOTAL,19
06/04/2020,AC,TOTAL,50
07/04/2020,AC,TOTAL,50
08/04/2020,AC,TOTAL,58
09/04/2020,AC,TOTAL,62
10/04/2020,AC,TOTAL,70
11/04/2020,AC,TOTAL,72
12/04/2020,AC,TOTAL,77
08/03/2020,TOTAL,TOTAL,25
13/04/2020,AC,TOTAL,90
14/04/2020,AC,TOTAL,99
15/04/2020,AC,TOTAL,101
16/04/2020,AC,TOTAL,115
17/04/2020,AC,TOTAL,135
18/04/2020,AC,TOTAL,142
08/03/2020,AL,TOTAL,1
09/03/2020,TOTAL,TOTAL,25
09/03/2020,AL,TOTAL,1
10/03/2020,AL,TOTAL,1
11/03/2020,AL,TOTAL,1
12/03/2020,AL,TOTAL,1
13/03/2020,AL,TOTAL,1
14/03/2020,AL,TOTAL,1
15/03/2020,AL,TOTAL,1
16/03/2020,AL,TOTAL,1
10/03/2020,TOTAL,TOTAL,34
17/03/2020,AL,TOTAL,1
18/03/2020,AL,TOTAL,1
19/03/2020,AL,TOTAL,4
20/03/2020,AL,TOTAL,6
21/03/2020,AL,TOTAL,7
22/03/2020,AL,TOTAL,7
23/03/2020,AL,TOTAL,8
24/03/2020,AL,TOTAL,10
11/03/2020,TOTAL,TOTAL,53
25/03/2020,AL,TOTAL,11
26/03/2020,AL,TOTAL,11
27/03/2020,AL,TOTAL,12
28/03/2020,AL,TOTAL,14
29/03/2020,AL,TOTAL,17
30/03/2020,AL,TOTAL,17
31/03/2020,AL,TOTAL,18
01/04/2020,AL,TOTAL,18
02/04/2020,AL,TOTAL,18
03/04/2020,AL,TOTAL,23
04/04/2020,AL,TOTAL,23
05/04/2020,AL,TOTAL,28
06/04/2020,AL,TOTAL,31
12/03/2020,TOTAL,TOTAL,89
07/04/2020,AL,TOTAL,34
08/04/2020,AL,TOTAL,37
09/04/2020,AL,TOTAL,37
10/04/2020,AL,TOTAL,45
11/04/2020,AL,TOTAL,48
12/04/2020,AL,TOTAL,48
13/04/2020,AL,TOTAL,58
14/04/2020,AL,TOTAL,72
15/04/2020,AL,TOTAL,83
16/04/2020,AL,TOTAL,89
17/04/2020,AL,TOTAL,110
18/04/2020,AL,TOTAL,132
13/03/2020,AM,TOTAL,2
14/03/2020,AM,TOTAL,2
13/03/2020,TOTAL,TOTAL,106
15/03/2020,AM,TOTAL,2
16/03/2020,AM,TOTAL,2
17/03/2020,AM,TOTAL,2
18/03/2020,AM,TOTAL,2
19/03/2020,AM,TOTAL,3
20/03/2020,AM,TOTAL,7
21/03/2020,AM,TOTAL,11
22/03/2020,AM,TOTAL,26
23/03/2020,AM,TOTAL,32
24/03/2020,AM,TOTAL,47
25/03/2020,AM,TOTAL,54
26/03/2020,AM,TOTAL,67
27/03/2020,AM,TOTAL,81
28/03/2020,AM,TOTAL,111
29/03/2020,AM,TOTAL,140
30/03/2020,AM,TOTAL,151
14/03/2020,TOTAL,TOTAL,142
31/03/2020,AM,TOTAL,175
01/04/2020,AM,TOTAL,200
02/04/2020,AM,TOTAL,229
03/04/2020,AM,TOTAL,260
04/04/2020,AM,TOTAL,311
05/04/2020,AM,TOTAL,417
06/04/2020,AM,TOTAL,532
07/04/2020,AM,TOTAL,636
08/04/2020,AM,TOTAL,804
09/04/2020,AM,TOTAL,899
10/04/2020,AM,TOTAL,981
11/04/2020,AM,TOTAL,1050
12/04/2020,AM,TOTAL,1206
13/04/2020,AM,TOTAL,1275
14/04/2020,AM,TOTAL,1484
15/04/2020,AM,TOTAL,1554
15/03/2020,TOTAL,TOTAL,225
16/04/2020,AM,TOTAL,1719
17/04/2020,AM,TOTAL,1809
18/04/2020,AM,TOTAL,1897
20/03/2020,AP,TOTAL,1
21/03/2020,AP,TOTAL,1
22/03/2020,AP,TOTAL,1
23/03/2020,AP,TOTAL,1
24/03/2020,AP,TOTAL,1
25/03/2020,AP,TOTAL,2
26/03/2020,AP,TOTAL,2
27/03/2020,AP,TOTAL,3
28/03/2020,AP,TOTAL,4
29/03/2020,AP,TOTAL,8
30/03/2020,AP,TOTAL,8
31/03/2020,AP,TOTAL,10
01/04/2020,AP,TOTAL,11
02/04/2020,AP,TOTAL,12
16/03/2020,TOTAL,TOTAL,279
03/04/2020,AP,TOTAL,19
04/04/2020,AP,TOTAL,29
05/04/2020,AP,TOTAL,32
06/04/2020,AP,TOTAL,39
07/04/2020,AP,TOTAL,51
08/04/2020,AP,TOTAL,107
09/04/2020,AP,TOTAL,128
10/04/2020,AP,TOTAL,166
11/04/2020,AP,TOTAL,193
12/04/2020,AP,TOTAL,237
13/04/2020,AP,TOTAL,244
14/04/2020,AP,TOTAL,308
15/04/2020,AP,TOTAL,340
16/04/2020,AP,TOTAL,362
17/04/2020,AP,TOTAL,375
18/04/2020,AP,TOTAL,400
06/03/2020,BA,TOTAL,1
07/03/2020,BA,TOTAL,2
17/03/2020,TOTAL,TOTAL,333
08/03/2020,BA,TOTAL,2
09/03/2020,BA,TOTAL,2
10/03/2020,BA,TOTAL,2
11/03/2020,BA,TOTAL,3
12/03/2020,BA,TOTAL,3
13/03/2020,BA,TOTAL,7
14/03/2020,BA,TOTAL,7
15/03/2020,BA,TOTAL,9
16/03/2020,BA,TOTAL,10
17/03/2020,BA,TOTAL,14
18/03/2020,BA,TOTAL,27
19/03/2020,BA,TOTAL,31
20/03/2020,BA,TOTAL,34
21/03/2020,BA,TOTAL,41
22/03/2020,BA,TOTAL,55
23/03/2020,BA,TOTAL,63
24/03/2020,BA,TOTAL,79
25/03/2020,BA,TOTAL,91
26/03/2020,BA,TOTAL,108
27/03/2020,BA,TOTAL,123
28/03/2020,BA,TOTAL,127
18/03/2020,TOTAL,TOTAL,514
29/03/2020,BA,TOTAL,156
30/03/2020,BA,TOTAL,176
31/03/2020,BA,TOTAL,217
01/04/2020,BA,TOTAL,246
02/04/2020,BA,TOTAL,267
03/04/2020,BA,TOTAL,290
04/04/2020,BA,TOTAL,336
05/04/2020,BA,TOTAL,401
06/04/2020,BA,TOTAL,437
07/04/2020,BA,TOTAL,462
08/04/2020,BA,TOTAL,515
09/04/2020,BA,TOTAL,568
10/04/2020,BA,TOTAL,616
11/04/2020,BA,TOTAL,640
12/04/2020,BA,TOTAL,674
13/04/2020,BA,TOTAL,723
14/04/2020,BA,TOTAL,776
15/04/2020,BA,TOTAL,884
16/04/2020,BA,TOTAL,967
17/04/2020,BA,TOTAL,1064
18/04/2020,BA,TOTAL,1200
16/03/2020,CE,TOTAL,9
19/03/2020,TOTAL,TOTAL,639
17/03/2020,CE,TOTAL,10
18/03/2020,CE,TOTAL,19
19/03/2020,CE,TOTAL,20
20/03/2020,CE,TOTAL,68
21/03/2020,CE,TOTAL,84
22/03/2020,CE,TOTAL,125
23/03/2020,CE,TOTAL,164
24/03/2020,CE,TOTAL,185
25/03/2020,CE,TOTAL,211
26/03/2020,CE,TOTAL,237
27/03/2020,CE,TOTAL,282
28/03/2020,CE,TOTAL,322
29/03/2020,CE,TOTAL,359
30/03/2020,CE,TOTAL,382
31/03/2020,CE,TOTAL,401
01/04/2020,CE,TOTAL,445
02/04/2020,CE,TOTAL,565
03/04/2020,CE,TOTAL,658
04/04/2020,CE,TOTAL,745
05/04/2020,CE,TOTAL,963
06/04/2020,CE,TOTAL,1046
07/04/2020,CE,TOTAL,1189
08/04/2020,CE,TOTAL,1394
09/04/2020,CE,TOTAL,1445
10/04/2020,CE,TOTAL,1558
11/04/2020,CE,TOTAL,1668
20/03/2020,TOTAL,TOTAL,972
12/04/2020,CE,TOTAL,1747
13/04/2020,CE,TOTAL,1936
14/04/2020,CE,TOTAL,2072
15/04/2020,CE,TOTAL,2292
16/04/2020,CE,TOTAL,2412
17/04/2020,CE,TOTAL,2747
18/04/2020,CE,TOTAL,3062
07/03/2020,DF,TOTAL,1
08/03/2020,DF,TOTAL,1
09/03/2020,DF,TOTAL,1
10/03/2020,DF,TOTAL,1
11/03/2020,DF,TOTAL,2
12/03/2020,DF,TOTAL,2
13/03/2020,DF,TOTAL,2
14/03/2020,DF,TOTAL,8
15/03/2020,DF,TOTAL,14
16/03/2020,DF,TOTAL,19
17/03/2020,DF,TOTAL,22
18/03/2020,DF,TOTAL,34
19/03/2020,DF,TOTAL,42
20/03/2020,DF,TOTAL,87
21/03/2020,DF,TOTAL,108
22/03/2020,DF,TOTAL,117
23/03/2020,DF,TOTAL,138
24/03/2020,DF,TOTAL,161
25/03/2020,DF,TOTAL,191
26/03/2020,DF,TOTAL,201
21/03/2020,TOTAL,TOTAL,1197
27/03/2020,DF,TOTAL,241
28/03/2020,DF,TOTAL,260
29/03/2020,DF,TOTAL,298
30/03/2020,DF,TOTAL,312
31/03/2020,DF,TOTAL,333
01/04/2020,DF,TOTAL,370
02/04/2020,DF,TOTAL,400
03/04/2020,DF,TOTAL,419
04/04/2020,DF,TOTAL,456
05/04/2020,DF,TOTAL,468
06/04/2020,DF,TOTAL,485
07/04/2020,DF,TOTAL,503
08/04/2020,DF,TOTAL,509
09/04/2020,DF,TOTAL,527
10/04/2020,DF,TOTAL,556
11/04/2020,DF,TOTAL,592
12/04/2020,DF,TOTAL,618
13/04/2020,DF,TOTAL,641
14/04/2020,DF,TOTAL,651
15/04/2020,DF,TOTAL,688
16/04/2020,DF,TOTAL,727
17/04/2020,DF,TOTAL,756
18/04/2020,DF,TOTAL,814
06/03/2020,ES,TOTAL,1
07/03/2020,ES,TOTAL,1
08/03/2020,ES,TOTAL,1
09/03/2020,ES,TOTAL,1
22/03/2020,TOTAL,TOTAL,1594
10/03/2020,ES,TOTAL,1
11/03/2020,ES,TOTAL,1
12/03/2020,ES,TOTAL,1
13/03/2020,ES,TOTAL,1
14/03/2020,ES,TOTAL,1
15/03/2020,ES,TOTAL,1
16/03/2020,ES,TOTAL,1
17/03/2020,ES,TOTAL,1
18/03/2020,ES,TOTAL,9
19/03/2020,ES,TOTAL,13
20/03/2020,ES,TOTAL,16
21/03/2020,ES,TOTAL,26
22/03/2020,ES,TOTAL,26
23/03/2020,ES,TOTAL,33
24/03/2020,ES,TOTAL,40
25/03/2020,ES,TOTAL,40
26/03/2020,ES,TOTAL,48
27/03/2020,ES,TOTAL,54
28/03/2020,ES,TOTAL,61
29/03/2020,ES,TOTAL,72
30/03/2020,ES,TOTAL,85
31/03/2020,ES,TOTAL,97
01/04/2020,ES,TOTAL,120
02/04/2020,ES,TOTAL,139
03/04/2020,ES,TOTAL,153
04/04/2020,ES,TOTAL,166
05/04/2020,ES,TOTAL,194
23/03/2020,TOTAL,TOTAL,1952
06/04/2020,ES,TOTAL,209
07/04/2020,ES,TOTAL,227
08/04/2020,ES,TOTAL,273
09/04/2020,ES,TOTAL,300
10/04/2020,ES,TOTAL,349
11/04/2020,ES,TOTAL,383
12/04/2020,ES,TOTAL,430
13/04/2020,ES,TOTAL,463
14/04/2020,ES,TOTAL,557
15/04/2020,ES,TOTAL,734
16/04/2020,ES,TOTAL,935
17/04/2020,ES,TOTAL,952
18/04/2020,ES,TOTAL,1099
12/03/2020,GO,TOTAL,3
13/03/2020,GO,TOTAL,3
14/03/2020,GO,TOTAL,4
15/03/2020,GO,TOTAL,4
16/03/2020,GO,TOTAL,9
17/03/2020,GO,TOTAL,10
18/03/2020,GO,TOTAL,12
19/03/2020,GO,TOTAL,15
20/03/2020,GO,TOTAL,18
21/03/2020,GO,TOTAL,20
22/03/2020,GO,TOTAL,21
23/03/2020,GO,TOTAL,23
24/03/2020,GO,TOTAL,29
25/03/2020,GO,TOTAL,35
24/03/2020,TOTAL,TOTAL,2255
26/03/2020,GO,TOTAL,39
27/03/2020,GO,TOTAL,49
28/03/2020,GO,TOTAL,56
29/03/2020,GO,TOTAL,58
30/03/2020,GO,TOTAL,61
31/03/2020,GO,TOTAL,65
01/04/2020,GO,TOTAL,73
02/04/2020,GO,TOTAL,73
03/04/2020,GO,TOTAL,88
04/04/2020,GO,TOTAL,103
05/04/2020,GO,TOTAL,115
06/04/2020,GO,TOTAL,119
07/04/2020,GO,TOTAL,133
08/04/2020,GO,TOTAL,159
09/04/2020,GO,TOTAL,179
10/04/2020,GO,TOTAL,191
11/04/2020,GO,TOTAL,209
12/04/2020,GO,TOTAL,229
13/04/2020,GO,TOTAL,233
14/04/2020,GO,TOTAL,284
15/04/2020,GO,TOTAL,304
16/04/2020,GO,TOTAL,318
17/04/2020,GO,TOTAL,335
18/04/2020,GO,TOTAL,378
20/03/2020,MA,TOTAL,1
21/03/2020,MA,TOTAL,2
22/03/2020,MA,TOTAL,2
25/03/2020,TOTAL,TOTAL,2562
23/03/2020,MA,TOTAL,8
24/03/2020,MA,TOTAL,8
25/03/2020,MA,TOTAL,8
26/03/2020,MA,TOTAL,10
27/03/2020,MA,TOTAL,13
28/03/2020,MA,TOTAL,15
29/03/2020,MA,TOTAL,21
30/03/2020,MA,TOTAL,30
31/03/2020,MA,TOTAL,51
01/04/2020,MA,TOTAL,70
02/04/2020,MA,TOTAL,80
03/04/2020,MA,TOTAL,87
04/04/2020,MA,TOTAL,95
05/04/2020,MA,TOTAL,132
06/04/2020,MA,TOTAL,171
07/04/2020,MA,TOTAL,229
08/04/2020,MA,TOTAL,272
09/04/2020,MA,TOTAL,293
10/04/2020,MA,TOTAL,344
11/04/2020,MA,TOTAL,398
12/04/2020,MA,TOTAL,445
13/04/2020,MA,TOTAL,478
14/04/2020,MA,TOTAL,630
15/04/2020,MA,TOTAL,695
16/04/2020,MA,TOTAL,797
17/04/2020,MA,TOTAL,1040
18/04/2020,MA,TOTAL,1205
26/03/2020,TOTAL,TOTAL,2990
08/03/2020,MG,TOTAL,1
09/03/2020,MG,TOTAL,1
10/03/2020,MG,TOTAL,1
11/03/2020,MG,TOTAL,1
12/03/2020,MG,TOTAL,2
13/03/2020,MG,TOTAL,2
14/03/2020,MG,TOTAL,4
15/03/2020,MG,TOTAL,4
16/03/2020,MG,TOTAL,6
17/03/2020,MG,TOTAL,14
18/03/2020,MG,TOTAL,19
19/03/2020,MG,TOTAL,29
20/03/2020,MG,TOTAL,38
21/03/2020,MG,TOTAL,54
22/03/2020,MG,TOTAL,83
23/03/2020,MG,TOTAL,128
24/03/2020,MG,TOTAL,130
25/03/2020,MG,TOTAL,133
26/03/2020,MG,TOTAL,153
27/03/2020,MG,TOTAL,189
28/03/2020,MG,TOTAL,205
29/03/2020,MG,TOTAL,231
30/03/2020,MG,TOTAL,261
31/03/2020,MG,TOTAL,275
01/04/2020,MG,TOTAL,314
02/04/2020,MG,TOTAL,370
03/04/2020,MG,TOTAL,397
27/03/2020,TOTAL,TOTAL,3476
04/04/2020,MG,TOTAL,430
05/04/2020,MG,TOTAL,498
06/04/2020,MG,TOTAL,525
07/04/2020,MG,TOTAL,559
08/04/2020,MG,TOTAL,614
09/04/2020,MG,TOTAL,655
10/04/2020,MG,TOTAL,698
11/04/2020,MG,TOTAL,750
12/04/2020,MG,TOTAL,806
13/04/2020,MG,TOTAL,815
14/04/2020,MG,TOTAL,884
15/04/2020,MG,TOTAL,903
16/04/2020,MG,TOTAL,958
17/04/2020,MG,TOTAL,1021
18/04/2020,MG,TOTAL,1077
14/03/2020,MS,TOTAL,2
15/03/2020,MS,TOTAL,2
16/03/2020,MS,TOTAL,4
17/03/2020,MS,TOTAL,6
18/03/2020,MS,TOTAL,7
19/03/2020,MS,TOTAL,9
20/03/2020,MS,TOTAL,12
21/03/2020,MS,TOTAL,16
22/03/2020,MS,TOTAL,21
23/03/2020,MS,TOTAL,21
24/03/2020,MS,TOTAL,24
25/03/2020,MS,TOTAL,24
28/03/2020,TOTAL,TOTAL,3955
26/03/2020,MS,TOTAL,25
27/03/2020,MS,TOTAL,28
28/03/2020,MS,TOTAL,31
29/03/2020,MS,TOTAL,36
30/03/2020,MS,TOTAL,44
31/03/2020,MS,TOTAL,48
01/04/2020,MS,TOTAL,51
02/04/2020,MS,TOTAL,53
03/04/2020,MS,TOTAL,60
04/04/2020,MS,TOTAL,62
05/04/2020,MS,TOTAL,65
06/04/2020,MS,TOTAL,66
07/04/2020,MS,TOTAL,80
08/04/2020,MS,TOTAL,85
09/04/2020,MS,TOTAL,89
10/04/2020,MS,TOTAL,97
11/04/2020,MS,TOTAL,100
12/04/2020,MS,TOTAL,101
13/04/2020,MS,TOTAL,113
14/04/2020,MS,TOTAL,115
15/04/2020,MS,TOTAL,121
16/04/2020,MS,TOTAL,131
17/04/2020,MS,TOTAL,143
18/04/2020,MS,TOTAL,161
20/03/2020,MT,TOTAL,1
21/03/2020,MT,TOTAL,2
22/03/2020,MT,TOTAL,2
29/03/2020,TOTAL,TOTAL,4313
23/03/2020,MT,TOTAL,6
24/03/2020,MT,TOTAL,7
25/03/2020,MT,TOTAL,9
26/03/2020,MT,TOTAL,11
27/03/2020,MT,TOTAL,11
28/03/2020,MT,TOTAL,13
29/03/2020,MT,TOTAL,16
30/03/2020,MT,TOTAL,18
31/03/2020,MT,TOTAL,25
01/04/2020,MT,TOTAL,28
02/04/2020,MT,TOTAL,41
03/04/2020,MT,TOTAL,44
04/04/2020,MT,TOTAL,60
05/04/2020,MT,TOTAL,60
06/04/2020,MT,TOTAL,76
07/04/2020,MT,TOTAL,78
08/04/2020,MT,TOTAL,90
09/04/2020,MT,TOTAL,108
10/04/2020,MT,TOTAL,112
11/04/2020,MT,TOTAL,121
12/04/2020,MT,TOTAL,123
13/04/2020,MT,TOTAL,134
14/04/2020,MT,TOTAL,138
15/04/2020,MT,TOTAL,151
16/04/2020,MT,TOTAL,156
17/04/2020,MT,TOTAL,162
18/04/2020,MT,TOTAL,171
30/03/2020,TOTAL,TOTAL,4663
18/03/2020,PA,TOTAL,1
19/03/2020,PA,TOTAL,1
20/03/2020,PA,TOTAL,2
21/03/2020,PA,TOTAL,2
22/03/2020,PA,TOTAL,4
23/03/2020,PA,TOTAL,5
24/03/2020,PA,TOTAL,5
25/03/2020,PA,TOTAL,7
26/03/2020,PA,TOTAL,13
27/03/2020,PA,TOTAL,16
28/03/2020,PA,TOTAL,18
29/03/2020,PA,TOTAL,20
30/03/2020,PA,TOTAL,26
31/03/2020,PA,TOTAL,34
01/04/2020,PA,TOTAL,41
02/04/2020,PA,TOTAL,49
03/04/2020,PA,TOTAL,75
04/04/2020,PA,TOTAL,82
05/04/2020,PA,TOTAL,86
06/04/2020,PA,TOTAL,123
07/04/2020,PA,TOTAL,154
08/04/2020,PA,TOTAL,167
09/04/2020,PA,TOTAL,169
10/04/2020,PA,TOTAL,217
11/04/2020,PA,TOTAL,237
12/04/2020,PA,TOTAL,259
13/04/2020,PA,TOTAL,310
31/03/2020,TOTAL,TOTAL,5824
14/04/2020,PA,TOTAL,384
15/04/2020,PA,TOTAL,487
16/04/2020,PA,TOTAL,557
17/04/2020,PA,TOTAL,627
18/04/2020,PA,TOTAL,641
18/03/2020,PB,TOTAL,1
19/03/2020,PB,TOTAL,1
20/03/2020,PB,TOTAL,1
21/03/2020,PB,TOTAL,1
22/03/2020,PB,TOTAL,1
23/03/2020,PB,TOTAL,2
24/03/2020,PB,TOTAL,3
25/03/2020,PB,TOTAL,5
26/03/2020,PB,TOTAL,6
27/03/2020,PB,TOTAL,10
28/03/2020,PB,TOTAL,14
29/03/2020,PB,TOTAL,14
30/03/2020,PB,TOTAL,17
31/03/2020,PB,TOTAL,18
01/04/2020,PB,TOTAL,21
02/04/2020,PB,TOTAL,29
03/04/2020,PB,TOTAL,32
04/04/2020,PB,TOTAL,34
05/04/2020,PB,TOTAL,35
06/04/2020,PB,TOTAL,36
07/04/2020,PB,TOTAL,41
08/04/2020,PB,TOTAL,55
01/04/2020,TOTAL,TOTAL,6931
09/04/2020,PB,TOTAL,79
10/04/2020,PB,TOTAL,85
11/04/2020,PB,TOTAL,101
12/04/2020,PB,TOTAL,111
13/04/2020,PB,TOTAL,136
14/04/2020,PB,TOTAL,152
15/04/2020,PB,TOTAL,165
16/04/2020,PB,TOTAL,195
17/04/2020,PB,TOTAL,205
18/04/2020,PB,TOTAL,236
12/03/2020,PE,TOTAL,2
13/03/2020,PE,TOTAL,2
14/03/2020,PE,TOTAL,7
15/03/2020,PE,TOTAL,8
16/03/2020,PE,TOTAL,8
17/03/2020,PE,TOTAL,18
18/03/2020,PE,TOTAL,19
19/03/2020,PE,TOTAL,28
20/03/2020,PE,TOTAL,30
21/03/2020,PE,TOTAL,33
22/03/2020,PE,TOTAL,37
23/03/2020,PE,TOTAL,42
24/03/2020,PE,TOTAL,42
25/03/2020,PE,TOTAL,46
26/03/2020,PE,TOTAL,48
27/03/2020,PE,TOTAL,57
28/03/2020,PE,TOTAL,68
02/04/2020,TOTAL,TOTAL,8100
29/03/2020,PE,TOTAL,73
30/03/2020,PE,TOTAL,78
31/03/2020,PE,TOTAL,87
01/04/2020,PE,TOTAL,95
02/04/2020,PE,TOTAL,106
03/04/2020,PE,TOTAL,136
04/04/2020,PE,TOTAL,176
05/04/2020,PE,TOTAL,201
06/04/2020,PE,TOTAL,223
07/04/2020,PE,TOTAL,352
08/04/2020,PE,TOTAL,401
09/04/2020,PE,TOTAL,555
10/04/2020,PE,TOTAL,684
11/04/2020,PE,TOTAL,816
12/04/2020,PE,TOTAL,960
13/04/2020,PE,TOTAL,1154
14/04/2020,PE,TOTAL,1284
15/04/2020,PE,TOTAL,1484
16/04/2020,PE,TOTAL,1683
17/04/2020,PE,TOTAL,2006
18/04/2020,PE,TOTAL,2193
19/03/2020,PI,TOTAL,3
20/03/2020,PI,TOTAL,4
21/03/2020,PI,TOTAL,4
22/03/2020,PI,TOTAL,6
23/03/2020,PI,TOTAL,6
24/03/2020,PI,TOTAL,8
03/04/2020,TOTAL,TOTAL,9212
25/03/2020,PI,TOTAL,9
26/03/2020,PI,TOTAL,9
27/03/2020,PI,TOTAL,10
28/03/2020,PI,TOTAL,11
29/03/2020,PI,TOTAL,14
30/03/2020,PI,TOTAL,18
31/03/2020,PI,TOTAL,18
01/04/2020,PI,TOTAL,19
02/04/2020,PI,TOTAL,19
03/04/2020,PI,TOTAL,22
04/04/2020,PI,TOTAL,24
05/04/2020,PI,TOTAL,24
06/04/2020,PI,TOTAL,26
07/04/2020,PI,TOTAL,31
08/04/2020,PI,TOTAL,38
09/04/2020,PI,TOTAL,40
10/04/2020,PI,TOTAL,41
11/04/2020,PI,TOTAL,44
12/04/2020,PI,TOTAL,51
13/04/2020,PI,TOTAL,58
14/04/2020,PI,TOTAL,75
15/04/2020,PI,TOTAL,91
16/04/2020,PI,TOTAL,102
17/04/2020,PI,TOTAL,123
18/04/2020,PI,TOTAL,145
12/03/2020,PR,TOTAL,6
13/03/2020,PR,TOTAL,6
04/04/2020,TOTAL,TOTAL,10378
14/03/2020,PR,TOTAL,6
15/03/2020,PR,TOTAL,6
16/03/2020,PR,TOTAL,6
17/03/2020,PR,TOTAL,12
18/03/2020,PR,TOTAL,15
19/03/2020,PR,TOTAL,24
20/03/2020,PR,TOTAL,37
21/03/2020,PR,TOTAL,44
22/03/2020,PR,TOTAL,54
23/03/2020,PR,TOTAL,60
24/03/2020,PR,TOTAL,70
25/03/2020,PR,TOTAL,97
26/03/2020,PR,TOTAL,106
27/03/2020,PR,TOTAL,125
28/03/2020,PR,TOTAL,137
29/03/2020,PR,TOTAL,152
30/03/2020,PR,TOTAL,160
31/03/2020,PR,TOTAL,185
01/04/2020,PR,TOTAL,229
02/04/2020,PR,TOTAL,258
03/04/2020,PR,TOTAL,307
04/04/2020,PR,TOTAL,401
05/04/2020,PR,TOTAL,445
06/04/2020,PR,TOTAL,466
07/04/2020,PR,TOTAL,511
08/04/2020,PR,TOTAL,550
09/04/2020,PR,TOTAL,621
05/04/2020,TOTAL,TOTAL,11424
10/04/2020,PR,TOTAL,655
11/04/2020,PR,TOTAL,688
12/04/2020,PR,TOTAL,750
13/04/2020,PR,TOTAL,768
14/04/2020,PR,TOTAL,803
15/04/2020,PR,TOTAL,816
16/04/2020,PR,TOTAL,845
17/04/2020,PR,TOTAL,887
18/04/2020,PR,TOTAL,945
05/03/2020,RJ,TOTAL,1
06/03/2020,RJ,TOTAL,2
07/03/2020,RJ,TOTAL,2
08/03/2020,RJ,TOTAL,3
09/03/2020,RJ,TOTAL,3
10/03/2020,RJ,TOTAL,8
11/03/2020,RJ,TOTAL,13
12/03/2020,RJ,TOTAL,16
13/03/2020,RJ,TOTAL,16
14/03/2020,RJ,TOTAL,22
15/03/2020,RJ,TOTAL,24
16/03/2020,RJ,TOTAL,31
17/03/2020,RJ,TOTAL,33
18/03/2020,RJ,TOTAL,63
19/03/2020,RJ,TOTAL,66
20/03/2020,RJ,TOTAL,109
21/03/2020,RJ,TOTAL,119
22/03/2020,RJ,TOTAL,186
06/04/2020,TOTAL,TOTAL,12262
23/03/2020,RJ,TOTAL,233
24/03/2020,RJ,TOTAL,305
25/03/2020,RJ,TOTAL,370
26/03/2020,RJ,TOTAL,421
27/03/2020,RJ,TOTAL,493
28/03/2020,RJ,TOTAL,558
29/03/2020,RJ,TOTAL,600
30/03/2020,RJ,TOTAL,657
31/03/2020,RJ,TOTAL,708
01/04/2020,RJ,TOTAL,832
02/04/2020,RJ,TOTAL,992
03/04/2020,RJ,TOTAL,1074
04/04/2020,RJ,TOTAL,1246
05/04/2020,RJ,TOTAL,1394
06/04/2020,RJ,TOTAL,1461
07/04/2020,RJ,TOTAL,1688
08/04/2020,RJ,TOTAL,1938
09/04/2020,RJ,TOTAL,2216
10/04/2020,RJ,TOTAL,2464
11/04/2020,RJ,TOTAL,2607
12/04/2020,RJ,TOTAL,2855
13/04/2020,RJ,TOTAL,3231
14/04/2020,RJ,TOTAL,3410
15/04/2020,RJ,TOTAL,3743
16/04/2020,RJ,TOTAL,3944
17/04/2020,RJ,TOTAL,4349
18/04/2020,RJ,TOTAL,4543
07/04/2020,TOTAL,TOTAL,14083
12/03/2020,RN,TOTAL,1
13/03/2020,RN,TOTAL,1
14/03/2020,RN,TOTAL,1
15/03/2020,RN,TOTAL,1
16/03/2020,RN,TOTAL,1
17/03/2020,RN,TOTAL,1
18/03/2020,RN,TOTAL,1
19/03/2020,RN,TOTAL,1
20/03/2020,RN,TOTAL,6
21/03/2020,RN,TOTAL,9
22/03/2020,RN,TOTAL,13
23/03/2020,RN,TOTAL,13
24/03/2020,RN,TOTAL,14
25/03/2020,RN,TOTAL,14
26/03/2020,RN,TOTAL,19
27/03/2020,RN,TOTAL,28
28/03/2020,RN,TOTAL,68
29/03/2020,RN,TOTAL,68
30/03/2020,RN,TOTAL,77
31/03/2020,RN,TOTAL,82
01/04/2020,RN,TOTAL,92
02/04/2020,RN,TOTAL,106
03/04/2020,RN,TOTAL,176
04/04/2020,RN,TOTAL,212
05/04/2020,RN,TOTAL,246
06/04/2020,RN,TOTAL,246
07/04/2020,RN,TOTAL,254
08/04/2020,TOTAL,TOTAL,16258
08/04/2020,RN,TOTAL,262
09/04/2020,RN,TOTAL,262
10/04/2020,RN,TOTAL,263
11/04/2020,RN,TOTAL,289
12/04/2020,RN,TOTAL,339
13/04/2020,RN,TOTAL,376
14/04/2020,RN,TOTAL,399
15/04/2020,RN,TOTAL,400
16/04/2020,RN,TOTAL,463
17/04/2020,RN,TOTAL,516
18/04/2020,RN,TOTAL,516
20/03/2020,RO,TOTAL,1
21/03/2020,RO,TOTAL,3
22/03/2020,RO,TOTAL,3
23/03/2020,RO,TOTAL,3
24/03/2020,RO,TOTAL,5
25/03/2020,RO,TOTAL,5
26/03/2020,RO,TOTAL,6
27/03/2020,RO,TOTAL,6
28/03/2020,RO,TOTAL,6
29/03/2020,RO,TOTAL,6
30/03/2020,RO,TOTAL,8
31/03/2020,RO,TOTAL,9
01/04/2020,RO,TOTAL,9
02/04/2020,RO,TOTAL,10
03/04/2020,RO,TOTAL,10
04/04/2020,RO,TOTAL,11
09/04/2020,TOTAL,TOTAL,18195
05/04/2020,RO,TOTAL,14
06/04/2020,RO,TOTAL,18
07/04/2020,RO,TOTAL,23
08/04/2020,RO,TOTAL,26
09/04/2020,RO,TOTAL,28
10/04/2020,RO,TOTAL,32
11/04/2020,RO,TOTAL,34
12/04/2020,RO,TOTAL,42
13/04/2020,RO,TOTAL,42
14/04/2020,RO,TOTAL,69
15/04/2020,RO,TOTAL,73
16/04/2020,RO,TOTAL,92
17/04/2020,RO,TOTAL,110
18/04/2020,RO,TOTAL,128
21/03/2020,RR,TOTAL,2
22/03/2020,RR,TOTAL,2
23/03/2020,RR,TOTAL,2
24/03/2020,RR,TOTAL,8
25/03/2020,RR,TOTAL,8
26/03/2020,RR,TOTAL,10
27/03/2020,RR,TOTAL,12
28/03/2020,RR,TOTAL,16
29/03/2020,RR,TOTAL,16
30/03/2020,RR,TOTAL,16
31/03/2020,RR,TOTAL,16
01/04/2020,RR,TOTAL,26
02/04/2020,RR,TOTAL,30
10/04/2020,TOTAL,TOTAL,19937
03/04/2020,RR,TOTAL,37
04/04/2020,RR,TOTAL,42
05/04/2020,RR,TOTAL,42
06/04/2020,RR,TOTAL,42
07/04/2020,RR,TOTAL,49
08/04/2020,RR,TOTAL,52
09/04/2020,RR,TOTAL,63
10/04/2020,RR,TOTAL,75
11/04/2020,RR,TOTAL,79
12/04/2020,RR,TOTAL,83
13/04/2020,RR,TOTAL,113
14/04/2020,RR,TOTAL,114
15/04/2020,RR,TOTAL,142
16/04/2020,RR,TOTAL,164
17/04/2020,RR,TOTAL,201
18/04/2020,RR,TOTAL,222
10/03/2020,RS,TOTAL,1
11/03/2020,RS,TOTAL,2
12/03/2020,RS,TOTAL,4
13/03/2020,RS,TOTAL,4
14/03/2020,RS,TOTAL,6
15/03/2020,RS,TOTAL,6
16/03/2020,RS,TOTAL,8
17/03/2020,RS,TOTAL,10
18/03/2020,RS,TOTAL,19
19/03/2020,RS,TOTAL,31
20/03/2020,RS,TOTAL,43
11/04/2020,TOTAL,TOTAL,20992
21/03/2020,RS,TOTAL,69
22/03/2020,RS,TOTAL,77
23/03/2020,RS,TOTAL,96
24/03/2020,RS,TOTAL,112
25/03/2020,RS,TOTAL,162
26/03/2020,RS,TOTAL,190
27/03/2020,RS,TOTAL,197
28/03/2020,RS,TOTAL,200
29/03/2020,RS,TOTAL,230
30/03/2020,RS,TOTAL,254
31/03/2020,RS,TOTAL,305
01/04/2020,RS,TOTAL,316
02/04/2020,RS,TOTAL,386
03/04/2020,RS,TOTAL,410
04/04/2020,RS,TOTAL,418
05/04/2020,RS,TOTAL,468
06/04/2020,RS,TOTAL,501
07/04/2020,RS,TOTAL,555
08/04/2020,RS,TOTAL,581
09/04/2020,RS,TOTAL,636
10/04/2020,RS,TOTAL,640
11/04/2020,RS,TOTAL,653
12/04/2020,RS,TOTAL,664
13/04/2020,RS,TOTAL,685
14/04/2020,RS,TOTAL,720
15/04/2020,RS,TOTAL,762
16/04/2020,RS,TOTAL,792
12/04/2020,TOTAL,TOTAL,22456
17/04/2020,RS,TOTAL,831
18/04/2020,RS,TOTAL,854
12/03/2020,SC,TOTAL,2
13/03/2020,SC,TOTAL,3
14/03/2020,SC,TOTAL,5
15/03/2020,SC,TOTAL,6
16/03/2020,SC,TOTAL,7
17/03/2020,SC,TOTAL,7
18/03/2020,SC,TOTAL,14
19/03/2020,SC,TOTAL,21
20/03/2020,SC,TOTAL,39
21/03/2020,SC,TOTAL,57
22/03/2020,SC,TOTAL,68
23/03/2020,SC,TOTAL,86
24/03/2020,SC,TOTAL,109
25/03/2020,SC,TOTAL,122
26/03/2020,SC,TOTAL,149
27/03/2020,SC,TOTAL,163
28/03/2020,SC,TOTAL,184
29/03/2020,SC,TOTAL,197
30/03/2020,SC,TOTAL,219
31/03/2020,SC,TOTAL,235
01/04/2020,SC,TOTAL,247
02/04/2020,SC,TOTAL,281
03/04/2020,SC,TOTAL,301
04/04/2020,SC,TOTAL,356
05/04/2020,SC,TOTAL,379
13/04/2020,TOTAL,TOTAL,23868
06/04/2020,SC,TOTAL,417
07/04/2020,SC,TOTAL,457
08/04/2020,SC,TOTAL,501
09/04/2020,SC,TOTAL,693
10/04/2020,SC,TOTAL,717
11/04/2020,SC,TOTAL,732
12/04/2020,SC,TOTAL,776
13/04/2020,SC,TOTAL,826
14/04/2020,SC,TOTAL,853
15/04/2020,SC,TOTAL,884
16/04/2020,SC,TOTAL,926
17/04/2020,SC,TOTAL,962
18/04/2020,SC,TOTAL,981
14/03/2020,SE,TOTAL,1
15/03/2020,SE,TOTAL,1
16/03/2020,SE,TOTAL,5
17/03/2020,SE,TOTAL,5
18/03/2020,SE,TOTAL,6
19/03/2020,SE,TOTAL,6
20/03/2020,SE,TOTAL,7
21/03/2020,SE,TOTAL,10
22/03/2020,SE,TOTAL,10
23/03/2020,SE,TOTAL,10
24/03/2020,SE,TOTAL,15
25/03/2020,SE,TOTAL,16
26/03/2020,SE,TOTAL,16
27/03/2020,SE,TOTAL,16
14/04/2020,TOTAL,TOTAL,25777
28/03/2020,SE,TOTAL,16
29/03/2020,SE,TOTAL,16
30/03/2020,SE,TOTAL,18
31/03/2020,SE,TOTAL,19
01/04/2020,SE,TOTAL,22
02/04/2020,SE,TOTAL,24
03/04/2020,SE,TOTAL,27
04/04/2020,SE,TOTAL,32
05/04/2020,SE,TOTAL,32
06/04/2020,SE,TOTAL,32
07/04/2020,SE,TOTAL,36
08/04/2020,SE,TOTAL,39
09/04/2020,SE,TOTAL,40
10/04/2020,SE,TOTAL,42
11/04/2020,SE,TOTAL,44
12/04/2020,SE,TOTAL,44
13/04/2020,SE,TOTAL,45
14/04/2020,SE,TOTAL,46
15/04/2020,SE,TOTAL,48
16/04/2020,SE,TOTAL,53
17/04/2020,SE,TOTAL,58
18/04/2020,SE,TOTAL,71
25/02/2020,SP,TOTAL,1
26/02/2020,SP,TOTAL,1
27/02/2020,SP,TOTAL,1
28/02/2020,SP,TOTAL,2
29/02/2020,SP,TOTAL,2
15/04/2020,TOTAL,TOTAL,29017
01/03/2020,SP,TOTAL,2
02/03/2020,SP,TOTAL,2
03/03/2020,SP,TOTAL,2
04/03/2020,SP,TOTAL,3
05/03/2020,SP,TOTAL,6
06/03/2020,SP,TOTAL,10
07/03/2020,SP,TOTAL,13
08/03/2020,SP,TOTAL,16
09/03/2020,SP,TOTAL,16
10/03/2020,SP,TOTAL,19
11/03/2020,SP,TOTAL,30
12/03/2020,SP,TOTAL,46
13/03/2020,SP,TOTAL,56
14/03/2020,SP,TOTAL,65
15/03/2020,SP,TOTAL,136
16/03/2020,SP,TOTAL,152
17/03/2020,SP,TOTAL,164
18/03/2020,SP,TOTAL,241
19/03/2020,SP,TOTAL,286
20/03/2020,SP,TOTAL,396
21/03/2020,SP,TOTAL,459
22/03/2020,SP,TOTAL,631
23/03/2020,SP,TOTAL,745
24/03/2020,SP,TOTAL,810
25/03/2020,SP,TOTAL,862
26/03/2020,SP,TOTAL,1053
27/03/2020,SP,TOTAL,1223
16/04/2020,TOTAL,TOTAL,31101
28/03/2020,SP,TOTAL,1406
29/03/2020,SP,TOTAL,1451
30/03/2020,SP,TOTAL,1517
31/03/2020,SP,TOTAL,2339
01/04/2020,SP,TOTAL,2981
02/04/2020,SP,TOTAL,3506
03/04/2020,SP,TOTAL,4048
04/04/2020,SP,TOTAL,4466
05/04/2020,SP,TOTAL,4620
06/04/2020,SP,TOTAL,4866
07/04/2020,SP,TOTAL,5682
08/04/2020,SP,TOTAL,6708
09/04/2020,SP,TOTAL,7480
10/04/2020,SP,TOTAL,8216
11/04/2020,SP,TOTAL,8419
12/04/2020,SP,TOTAL,8755
13/04/2020,SP,TOTAL,8895
14/04/2020,SP,TOTAL,9371
15/04/2020,SP,TOTAL,11043
16/04/2020,SP,TOTAL,11568
17/04/2020,SP,TOTAL,12841
18/04/2020,SP,TOTAL,13894
18/03/2020,TO,TOTAL,1
19/03/2020,TO,TOTAL,1
20/03/2020,TO,TOTAL,1
21/03/2020,TO,TOTAL,2
22/03/2020,TO,TOTAL,5
17/04/2020,TOTAL,TOTAL,34397
23/03/2020,TO,TOTAL,7
24/03/2020,TO,TOTAL,7
25/03/2020,TO,TOTAL,7
26/03/2020,TO,TOTAL,8
27/03/2020,TO,TOTAL,9
28/03/2020,TO,TOTAL,9
29/03/2020,TO,TOTAL,10
30/03/2020,TO,TOTAL,11
31/03/2020,TO,TOTAL,12
01/04/2020,TO,TOTAL,12
02/04/2020,TO,TOTAL,12
03/04/2020,TO,TOTAL,13
04/04/2020,TO,TOTAL,16
05/04/2020,TO,TOTAL,17
06/04/2020,TO,TOTAL,19
07/04/2020,TO,TOTAL,19
08/04/2020,TO,TOTAL,23
09/04/2020,TO,TOTAL,23
10/04/2020,TO,TOTAL,23
11/04/2020,TO,TOTAL,25
12/04/2020,TO,TOTAL,26
13/04/2020,TO,TOTAL,26
14/04/2020,TO,TOTAL,27
15/04/2020,TO,TOTAL,29
16/04/2020,TO,TOTAL,31
17/04/2020,TO,TOTAL,32
18/04/2020,TO,TOTAL,33
18/04/2020,TOTAL,TOTAL,37140